country_continent.continent;locality.idlocality;locality.country;locality.created;
Africa;Aar 1;Namibia;08.10.2009;
Africa;Aar 2;Namibia;18.08.2010;
Africa;Aasvoelkop;South Africa;04.03.2010;
Africa;Abdur Archaeological Site;Eritrea;17.10.2012;
Europe;Abri Blanchard des Roches;France;23.07.2018;
Europe;Abri Caminade;France;19.08.2018;
Europe;Abri Castanet;France;21.08.2018;
Europe;Abri Cellier;France;21.08.2018;
Europe;Abri Chadourne;France;21.08.2018;
Europe;Abri I am Schulerloch;Germany;22.09.2020;
Europe;Abri Labattut;France;23.07.2018;
Europe;Abri Pataud;France;02.10.2018;
Europe;Abri Pié Lombard;France;16.03.2021;
Europe;Abri de Cro-Magnon;France;21.08.2018;
Europe;Abri du Facteur;France;18.09.2018;
Europe;Abri du Maras;France;03.05.2021;
Europe;Achenheim;France;22.06.2020;
Africa;Adrar Bous;Niger;07.11.2012;
Asia;Afontova Gora II;Russia;18.01.2022;
Europe;Aggsbach_Fundstelle A;Austria;22.08.2022;
Europe;Aggsbach_Fundstelle B;Austria;22.08.2022;
Asia;Aghitu-1;Armenia;07.02.2012;
Asia;Aghitu-2;Armenia;07.02.2012;
Asia;Aghitu-3 Cave;Armenia;16.08.2016;
Africa;Ain Aghbal;Morocco;28.06.2012;
Africa;Ain Boucherit;Algeria;06.05.2011;
Africa;Ain Brimba;Tunisia;05.09.2011;
Asia;Ain Dabbour;Syria;16.08.2019;
Asia;Ain Difla;Jordan;03.07.2014;
Africa;Ain El Guettar;Tunisia;14.11.2012;
Africa;Ain Fritissa;Morocco;28.06.2012;
Africa;Ain Hanech;Algeria;03.05.2011;
Africa;Ain Jourdel;Algeria;08.09.2011;
Africa;Ain Mara;Libya;05.12.2011;
Africa;Ain Oum Henda 2;Tunisia;20.11.2012;
Asia;Ain al-Buhira;Jordan;15.12.2014;
Africa;Airport site;Malawi;28.07.2012;
Asia;Akhalkalaki;Georgia;03.04.2012;
Africa;Aladi Springs;Ethiopia;29.06.2011;
Europe;Alberndorf I;Austria;23.06.2017;
Africa;Alexandersfontein;South Africa;11.05.2011;
Africa;Amanzi springs;South Africa;12.10.2009;
Asia;Amud Cave;Israel;15.07.2013;
Asia;Amur River Basin AR19K;China;25.02.2022;
Asia;Amur River Basin AR33K;China;25.02.2022;
Europe;Andance;France;03.11.2017;
Asia;Angeghakot-1;Armenia;07.02.2012;
Asia;Angeghakot-2;Armenia;07.02.2012;
Asia;Anghilak Cave;Uzbekistan;27.10.2014;
Europe;Angé;France;21.07.2021;
Asia;Antu;China;17.03.2014;
Asia;Anui 2;Russia;19.10.2011;
Africa;Anyskop_Blowout;South Africa;05.11.2009;
Africa;Apollo 11;Namibia;08.10.2009;
Asia;Archeuli;Georgia;10.09.2013;
Europe;Arcy-sur-Cure - Grotte de l_Hyène;France;03.03.2020;
Europe;Arcy-sur-Cure - Grotte du Bison;France;30.10.2019;
Europe;Arcy-sur-Cure - Grotte du Renne;France;04.12.2019;
Europe;Arene Candide;Italy;12.05.2015;
Europe;Ariendorf;Germany;19.11.2015;
Africa;Arkin 5;Sudan;26.04.2012;
Africa;Arkin 8;Sudan;26.04.2012;
Europe;Arlanpe;Spain;19.05.2015;
Europe;Arma delle Manie;Italy;31.01.2020;
Europe;Arrillor;Spain;28.05.2018;
Europe;Artenac;France;30.08.2020;
Europe;Aschenhuette;Germany;05.10.2022;
Africa;Asfet;Eritrea;25.06.2012;
Asia;Ashotavan-1;Armenia;07.02.2012;
Asia;Ashotavan-2;Armenia;07.02.2012;
Europe;Asnelles-Belle-Plage;France;25.02.2021;
Europe;Asprochaliko;Greece;02.07.2020;
Europe;Assen;Netherlands;10.09.2022;
Europe;Atela;Portugal;22.03.2022;
Asia;Attirampakkam;India;11.06.2019;
Asia;Avivim_A43_A63;Israel;30.01.2014;
Europe;Axlor;Spain;28.03.2018;
Asia;Azokh-1 Cave;Azerbaijan;09.04.2015;
Europe;Azé - Grotte Préhistorique;France;15.06.2020;
Asia;Baaz;Syria;01.08.2019;
Europe;Bacho Kiro;Bulgaria;28.10.2015;
Asia;Badaogou;China;07.04.2021;
Europe;Badegoule;France;18.10.2018;
Asia;Baigara;Russia;09.09.2014;
Asia;Baishiya Karst Cave;China;20.10.2021;
Europe;Balve Cave;Germany;07.03.2022;
Africa;Bambata Cave;Zimbabwe;12.10.2009;
Asia;Bamburi 1;India;05.06.2019;
Asia;Baojiyan;China;08.04.2014;
Asia;Barakai;Russia;13.04.2017;
Asia;Baram Plateau;Israel;03.02.2014;
Europe;Barbas I;France;08.11.2016;
Asia;Barda Balka;Iraq;21.01.2015;
Africa;Baringo-Tugen Hills-Barsemoi core;Kenya;04.06.2021;
Europe;Barma Grande;Italy;23.10.2015;
Africa;Barogali;Djibouti;03.11.2010;
Europe;Barranco León;Spain;19.07.2013;
Asia;Barun-Alan-1;Russia;29.10.2021;
Europe;Basura Cave;Italy;22.03.2022;
Asia;Batadomba-lena;Sri Lanka;26.08.2014;
Europe;Bau de l Aubesier;France;04.04.2016;
Europe;Baume Bonne;France;21.03.2016;
Europe;Baume Flandin;France;17.10.2016;
Europe;Baume de Gigny;France;20.09.2019;
Europe;Baume-Vallée;France;09.03.2021;
Europe;Bañugues;Spain;29.05.2018;
Europe;Beeches Pit;United Kingdom;12.07.2016;
Europe;Beg-Ar-Chastel;France;08.11.2021;
Africa;Beit Khallaf 2;Egypt;22.11.2011;
Africa;Beit Khallaf 3;Egypt;22.11.2011;
Africa;Bel Hacel;Algeria;05.09.2011;
Asia;Berekhat Ram;Israel;12.09.2013;
Africa;Berg Aukas;Namibia;22.03.2011;
Europe;Bernasso;France;01.08.2012;
Africa;Bestwood 1;South Africa;06.10.2021;
Asia;Betovo;Russia;01.07.2020;
Europe;Bettencourt-Saint-Ouen;France;29.04.2019;
Europe;Biache-Saint-Vaast;France;06.05.2019;
Europe;Bidart;France;14.08.2017;
Europe;Bilancino;Italy;15.01.2020;
Europe;Bilzingsleben;Germany;22.03.2013;
Europe;Bioce;Montenegro;16.06.2020;
Africa;Bir Sahara East;Egypt;24.04.2020;
Africa;Bir Tarfawi;Egypt;24.04.2020;
Africa;Birimi;Ghana;11.09.2012;
Asia;Biryuchiya Balka-2;Russia;20.09.2021;
Europe;Bisnik Cave;Poland;03.06.2015;
Europe;Bispingen;Germany;19.03.2018;
Europe;Bissy-sur-Fley - La Clôsure;France;15.04.2020;
Asia;Bizat Ruhama;Israel;09.06.2013;
Africa;Blind River;South Africa;16.07.2013;
Africa;Blombos Cave;South Africa;08.10.2009;
Europe;Bockstein-Abhang;Germany;09.04.2020;
Europe;Bockstein-Brandplatte;Germany;12.05.2020;
Europe;Bockstein-Grotte;Germany;09.04.2020;
Europe;Bockstein-Törle;Germany;04.04.2020;
Europe;Bocksteinhöhle;Germany;31.03.2020;
Europe;Bocksteinschmiede-Bocksteinloch;Germany;14.04.2020;
Africa;Boegoeberg 1;South Africa;08.10.2009;
Asia;Bogdanovka;Russia;11.02.2021;
Europe;Bojnice III Cave Moat;Slovakia;01.02.2016;
Asia;Boker A;Israel;04.11.2013;
Asia;Boker BE;Israel;04.11.2013;
Asia;Boker D;Israel;04.11.2013;
Asia;Boker Tachtit;Israel;04.11.2013;
Europe;Bollschweil;Germany;20.10.2016;
Europe;Bolomor Cave;Spain;10.11.2015;
Asia;Bolshie Allaki-2;Russia;18.02.2021;
Asia;Bolshoi Zangisan;Russia;07.10.2021;
Asia;Bolshoy Lyakhovsky Island;Russia;11.01.2022;
Asia;Bondi Cave;Georgia;23.02.2015;
Africa;Boomplaas Cave;South Africa;08.10.2009;
Africa;Border Cave;South Africa;08.10.2009;
Asia;Borshchevo 5;Russia;22.04.2021;
Asia;Bose Fengshudao;China;11.10.2022;
Asia;Bose Gaolingpo;China;19.09.2022;
Asia;Bose Liuhuaishan;China;28.02.2022;
Asia;Bose Nalai site;China;29.03.2022;
Africa;Boskop;South Africa;08.10.2009;
Europe;Boxgrove;United Kingdom;13.06.2017;
Europe;Brassempouy_Grotte des Hyenes;France;23.01.2018;
Europe;Brassempouy_Grotte du Pape;France;23.01.2018;
Europe;Breitenbach-Schneidemuehle;Germany;17.01.2022;
Africa;Bremen 1C;Namibia;05.11.2010;
Africa;Bremen 2B;Namibia;18.08.2010;
Europe;Breuil;Italy;29.06.2015;
Europe;Brignol;France;19.07.2021;
Europe;Brillenhöhle;Germany;12.02.2018;
Asia;Brnakot-1;Armenia;07.02.2012;
Asia;Brnakot-2;Armenia;07.02.2012;
Asia;Brnakot-3;Armenia;07.02.2012;
Europe;Brno II;Czech Republic;22.10.2017;
Europe;Broion;Italy;17.01.2020;
Asia;Bronze Cave;Georgia;14.10.2014;
Europe;Buhlen_Oberer Fundplatz;Germany;26.05.2021;
Europe;Buhlen_Unterer Fundplatz;Germany;07.06.2021;
Africa;Buia;Eritrea;20.01.2010;
Africa;Bundu Farm;South Africa;20.01.2010;
Europe;Buraca Grande;Portugal;20.10.2022;
Europe;Buran Kaya III;Ukraine;09.01.2015;
Europe;Burgtonna;Germany;04.05.2015;
Africa;Bushman Rock Shelter;South Africa;08.10.2009;
Asia;Butovka;Russia;28.11.2021;
Asia;Bystrukha-2;Kazakhstan;25.12.2020;
Asia;Byzovaya;Russia;15.02.2021;
Europe;Börslingen;Germany;22.08.2020;
Africa;Cafema;Namibia;03.11.2010;
Asia;Callao Cave;Philippines;20.05.2014;
Europe;Canaule II;France;18.10.2018;
Africa;Canteen Kopje;South Africa;14.04.2010;
Europe;Caours;France;18.05.2015;
Africa;Cape Hangklip;South Africa;18.03.2010;
Africa;Cape St. Blaize Cave;South Africa;08.10.2009;
Europe;Capelvenere;Italy;07.04.2020;
Europe;Cardina-Salto do Boi;Portugal;07.04.2022;
Europe;Carihuela;Spain;10.11.2015;
Europe;Carriere Carpentier;France;11.05.2022;
Africa;Cartwrights Site (GsJj 75);Kenya;25.04.2012;
Europe;Casal de Pazzi;Italy;26.10.2015;
Europe;Castel di Guido;Italy;12.05.2015;
Europe;Castelcivita;Italy;01.07.2019;
Europe;Caune de l Arago;France;07.04.2021;
Africa;Cave James;South Africa;08.10.2009;
Africa;Cave of Hearths;South Africa;08.10.2009;
Asia;Chagyrskaya;Russia;19.10.2011;
Asia;Chakhvata 1;Georgia;17.08.2016;
Asia;Chakhvata 2;Georgia;17.08.2016;
Europe;Champ Grand;France;27.01.2021;
Europe;Champlost;France;12.06.2019;
Europe;Champs-de-Bossuet;France;23.01.2018;
Asia;Changwu;China;17.03.2014;
Asia;Changyang;China;09.12.2013;
Asia;Chaoxian;China;14.11.2013;
Africa;Chaperon Rouge;Morocco;04.06.2012;
Africa;Chekheyti Issie 3;Djibouti;03.11.2010;
Africa;Chemeron;Kenya;08.10.2009;
Asia;Chenjiawo;China;09.09.2013;
Africa;Chesowanja;Kenya;14.09.2010;
Europe;Chez-Pinaud;France;14.07.2020;
Europe;Chez-Pinaud 2;France;16.07.2020;
Asia;Chikhen-2;Mongolia;18.01.2021;
Africa;Chilga Kernet;Ethiopia;13.07.2011;
Asia;Chuandong;China;01.04.2014;
Europe;Châtelperron - Grotte Effondrée;France;18.05.2020;
Europe;Ciemna Cave;Poland;17.10.2022;
Europe;Ciota Ciara;Italy;27.01.2020;
Europe;Ciuntu;Moldova;21.07.2020;
Europe;Clacton-on-Sea;United Kingdom;08.02.2017;
Europe;Colle Rotondo;Italy;24.01.2020;
Europe;Combe Brune 2;France;27.10.2015;
Europe;Combe Brune 3;France;27.10.2015;
Europe;Combe-Capelle Bas;France;24.10.2018;
Europe;Combe-Grenal;France;12.11.2018;
Africa;Coopers Cave D;South Africa;08.10.2009;
Africa;Cornelia Beds;South Africa;01.04.2010;
Europe;Cosava I;Romania;13.07.2020;
Europe;Cotencher;Switzerland;21.07.2020;
Europe;Coudoulous I;France;08.11.2016;
Europe;Cova Negra;Spain;06.11.2015;
Europe;Cova del Gegant;Spain;06.11.2015;
Europe;Covalejos;Spain;06.11.2015;
Europe;Covolo De Nadale;Italy;07.05.2020;
Europe;Crvena Stijena;Montenegro;12.06.2020;
Europe;Cucú cave;Spain;15.01.2022;
Europe;Cueva Bajondillo;Spain;04.04.2017;
Europe;Cueva del Angel;Spain;04.04.2017;
Africa;Daasbiyyo;Djibouti;03.11.2010;
Africa;Dakhleh Oasis 348;Egypt;06.05.2011;
Africa;Dakhleh Oasis 350;Egypt;06.05.2011;
Africa;Dakhleh Oasis 357;Egypt;06.05.2011;
Africa;Dale Rose Parlour;South Africa;29.03.2010;
Asia;Dali Tianshuigou;China;08.11.2013;
Africa;Dar es Soltane 1;Morocco;25.05.2012;
Africa;Dar es Soltane 2;Morocco;25.05.2012;
Asia;Darbas-2;Armenia;07.02.2012;
Asia;Dark Cave;Iraq;09.11.2014;
Asia;Denisova Central chamber;Russia;21.02.2017;
Asia;Denisova East chamber;Russia;01.04.2020;
Asia;Derbina V;Russia;02.12.2021;
Africa;Derna East;Libya;05.12.2011;
Africa;Derna West;Libya;05.12.2011;
Africa;Die Kelders;South Africa;08.10.2009;
Africa;Diepkloof Rock Shelter;South Africa;08.10.2009;
Africa;Dikika;Ethiopia;20.01.2010;
Asia;Dingcun 54100;China;11.12.2013;
Asia;Dingcun 7701;China;26.10.2021;
Asia;Dingcun 7902;China;08.11.2021;
Asia;Dingcun 8001;China;21.10.2021;
Asia;Dingcun Complex;China;16.11.2021;
Europe;Divje babe I;Slovenia;08.06.2020;
Asia;Djapareuli;Georgia;12.01.2017;
Asia;Djruchula Cave;Georgia;29.01.2015;
Asia;Dmanisi Main Sector;Georgia;19.08.2014;
Asia;Dmanisi Sector M5;Georgia;10.10.2014;
Asia;Dodekatym-2;Uzbekistan;14.01.2021;
Asia;Dongzhongyan;China;07.05.2014;
Africa;Doornlaagte;South Africa;12.10.2009;
Europe;Doroshivtsi III;Ukraine;21.03.2022;
Africa;Drimolen;South Africa;08.10.2009;
Asia;Duan;China;04.04.2014;
Africa;Duinefontein (DFT) 2;South Africa;08.10.2009;
Asia;Dursunlu quarry;Turkey;26.01.2014;
Asia;Dzudzuana Cave;Georgia;24.02.2015;
Europe;Ebbsfleet;United Kingdom;10.08.2016;
Europe;Ecalgrain;France;11.11.2016;
Europe;Ehringsdorf;Germany;21.02.2022;
Asia;Ein Aqev;Israel;05.11.2013;
Asia;Ein Aqev East;Israel;05.11.2013;
Asia;Ein Qashish;Israel;17.01.2014;
Europe;Einhornhöhle;Germany;16.08.2021;
Africa;El Akarit;Tunisia;08.07.2012;
Europe;El Castillo;Spain;11.11.2015;
Africa;El Gawanim 1;Egypt;22.11.2011;
Africa;El Ghineimiya 1;Egypt;22.11.2011;
Africa;El Ghineimiya 2;Egypt;22.11.2011;
Africa;El Ghineimiya 3;Egypt;22.11.2011;
Africa;El Harhoura 1;Morocco;19.03.2012;
Africa;El Harhoura 2;Morocco;19.03.2012;
Europe;El Hondal;Spain;05.02.2019;
Africa;El Khenzira Grotte 1;Morocco;21.06.2012;
Africa;El Khenzira Grotte 2;Morocco;21.06.2012;
Africa;El Kherba;Algeria;05.09.2011;
Africa;El Mnasra;Morocco;19.03.2012;
Europe;El Salt;Spain;11.11.2015;
Europe;El Sidrón;Spain;06.11.2015;
Africa;Elands Bay Cave;South Africa;08.10.2009;
Asia;Emireh Cave;Israel;16.01.2014;
Europe;En Roche;France;21.05.2021;
Africa;Enkapune Ya Muto;Kenya;28.06.2010;
Africa;Equus Cave;South Africa;08.10.2009;
Africa;Erb Tanks Rockshelter;Namibia;16.01.2012;
Africa;Erfkroon 1;South Africa;12.10.2009;
Africa;Erfkroon 2;South Africa;12.10.2009;
Africa;Erfkroon 4;South Africa;12.10.2009;
Africa;Erfkroon 5;South Africa;12.10.2009;
Africa;Erfkroon 7;South Africa;12.10.2009;
Africa;Errayah;Algeria;08.08.2012;
Europe;Esquicho-Grapaou;France;24.02.2021;
Africa;Etemba 14;Namibia;08.10.2012;
Europe;Eurach;Germany;19.03.2018;
Asia;Evron Quarry;Israel;05.05.2011;
Asia;Evron-Zinat;Israel;24.05.2013;
Europe;Ex-Casino;Italy;17.10.2016;
Africa;Eyasi;Tanzania;08.10.2009;
Africa;Ezbet Rabab;Egypt;22.11.2011;
Asia;Ezhantsy;Russia;15.12.2021;
Asia;Fanjiagouwan;China;03.11.2021;
Africa;Fejej FJ-4;Ethiopia;09.10.2013;
Europe;Feldhofer Grotte;Germany;08.12.2021;
Europe;Feldhofer Kirche;Germany;06.04.2022;
Europe;Ficoncella;Italy;13.06.2019;
Africa;Fincha Habera;Ethiopia;11.02.2021;
Europe;Florian Seidl-Straße;Germany;27.02.2021;
Africa;Florisbad;South Africa;08.10.2009;
Europe;Fontana Nuova;Italy;29.09.2015;
Europe;Fontana Ranuccio;Italy;12.05.2015;
Europe;Fonte Santa;Portugal;28.10.2022;
Europe;Fonte delle Mattinate;Italy;16.04.2020;
Europe;Fontéchevade;France;31.08.2020;
Europe;Fossellone;Italy;29.06.2015;
Europe;Franchthi;Greece;29.06.2020;
Europe;Fuente Nueva 3;Spain;25.09.2020;
Europe;Fumane;Italy;01.06.2015;
Europe;Furamoos;Germany;23.09.2022;
Asia;Fuyan Cave;China;06.11.2015;
Africa;Ga-Mohana Hill North;South Africa;16.06.2021;
Africa;Gadeb;Ethiopia;20.01.2010;
Africa;Gademotta Area;Ethiopia;21.12.2010;
Europe;Galería;Spain;27.11.2015;
Asia;Galidzga-Pokveshi;Georgia;12.01.2017;
Asia;Ganj Par;Iran;20.01.2015;
Europe;Ganovce;Slovakia;28.01.2015;
Asia;Garchi I;Russia;11.02.2021;
Europe;Gato Preto;Portugal;26.04.2022;
Europe;Gatzarria;France;15.08.2017;
Africa;Geelbek_Alice;South Africa;05.11.2009;
Africa;Geelbek_BB;South Africa;05.11.2009;
Africa;Geelbek_Bay35;South Africa;05.11.2009;
Africa;Geelbek_Bovid;South Africa;05.11.2009;
Africa;Geelbek_Check;South Africa;05.11.2009;
Africa;Geelbek_Crow;South Africa;05.11.2009;
Africa;Geelbek_EDM;South Africa;05.11.2009;
Africa;Geelbek_Equus;South Africa;05.11.2009;
Africa;Geelbek_Frikkie;South Africa;05.11.2009;
Africa;Geelbek_Hetero;South Africa;05.11.2009;
Africa;Geelbek_Homo;South Africa;05.11.2009;
Africa;Geelbek_Loop;South Africa;05.11.2009;
Africa;Geelbek_Mrose;South Africa;05.11.2009;
Africa;Geelbek_Nora;South Africa;05.11.2009;
Africa;Geelbek_Olifant;South Africa;05.11.2009;
Africa;Geelbek_Ovis;South Africa;05.11.2009;
Africa;Geelbek_Pottery;South Africa;05.11.2009;
Africa;Geelbek_Rhino;South Africa;05.11.2009;
Africa;Geelbek_Shelly;South Africa;05.11.2009;
Africa;Geelbek_Snoek;South Africa;05.11.2009;
Africa;Geelbek_Stella;South Africa;05.11.2009;
Africa;Geelbek_Stonering;South Africa;05.11.2009;
Africa;Geelbek_Toaster;South Africa;05.11.2009;
Europe;Geißenklösterle;Germany;12.02.2018;
Europe;Genay - Brèche;France;22.04.2020;
Asia;Gerasimova I;Russia;31.10.2021;
Europe;Germolles - Grotte de la Verpillière II;France;30.03.2020;
Asia;Gesher Benot Yaaqov;Israel;05.05.2011;
Asia;Ghar-e Boof;Iran;03.12.2018;
Europe;Ghiardo;Italy;26.06.2019;
Africa;Gi;Botswana;21.12.2010;
Europe;Giganti;Italy;06.04.2020;
Africa;Gladysvale;South Africa;08.10.2009;
Europe;Glowczyn;Poland;19.03.2018;
Africa;Goda Buticha;Ethiopia;18.11.2014;
Asia;Gogoreti 1;Georgia;17.08.2016;
Asia;Gogoreti 2;Georgia;10.09.2013;
Asia;Gogoreti 3;Georgia;10.09.2013;
Asia;Gogoreti 4;Georgia;10.09.2013;
Asia;Gogoreti 5;Georgia;17.08.2016;
Asia;Gogoreti 6;Georgia;17.08.2016;
Europe;Gohaud;France;01.11.2021;
Europe;Golkow;Poland;11.06.2021;
Africa;Gona BSN;Ethiopia;28.06.2010;
Africa;Gona BSN49;Ethiopia;28.06.2010;
Africa;Gona DAN1;Ethiopia;28.06.2010;
Africa;Gona DAN2;Ethiopia;28.06.2010;
Africa;Gona DAN3;Ethiopia;28.06.2010;
Africa;Gona EG sites;Ethiopia;28.06.2010;
Africa;Gona Generic;Ethiopia;28.06.2010;
Africa;Gona OGN3;Ethiopia;28.06.2010;
Africa;Gona OGS12;Ethiopia;28.06.2010;
Africa;Gona OGS3;Ethiopia;28.06.2010;
Africa;Gona OGS5;Ethiopia;28.06.2010;
Africa;Gona OGS6;Ethiopia;28.06.2010;
Africa;Gona OGS7;Ethiopia;28.06.2010;
Africa;Gona WG sites;Ethiopia;28.06.2010;
Africa;Gondar;Ethiopia;17.09.2011;
Africa;Gondolin;South Africa;08.10.2009;
Asia;Gongwangling;China;27.08.2013;
Africa;Gorgora Rock Shelter;Ethiopia;22.03.2011;
Europe;Goyet;Belgium;19.10.2015;
Europe;Grabschütz;Germany;01.05.2015;
Europe;Gran Dolina;Spain;16.04.2012;
Europe;Grand Abri aux Puces;France;16.06.2015;
Africa;Grassridge Rockshelter;South Africa;16.06.2021;
Europe;Gron - Chemin de l_Évangile 3;France;18.07.2019;
Europe;Gron - Fond des Blanchards;France;17.07.2019;
Africa;Groot Kloof;South Africa;20.02.2013;
Europe;Grotta Grande of Scario;Italy;20.04.2020;
Europe;Grotta Maggiore di San Bernardino;Italy;18.01.2016;
Europe;Grotta Reali;Italy;19.05.2020;
Europe;Grotta dei Santi;Italy;06.02.2020;
Europe;Grotta del Cavallo;Italy;23.10.2015;
Europe;Grotta del Poggio;Italy;29.09.2015;
Europe;Grotta di Santo Agostino;Italy;17.07.2019;
Europe;Grotte Boccard;France;19.08.2020;
Europe;Grotte Mandrin;France;13.01.2021;
Europe;Grotte Margot;France;08.12.2021;
Europe;Grotte Rainaude 1;France;11.03.2021;
Europe;Grotte Tournal;France;19.05.2021;
Europe;Grotte Vaufrey;France;07.01.2016;
Europe;Grotte XVI;France;15.01.2019;
Europe;Grotte de Gargas;France;10.12.2020;
Europe;Grotte de Néron;France;27.01.2021;
Europe;Grotte de Rochefort;France;13.12.2021;
Europe;Grotte de Saint-Marcel;France;17.10.2016;
Europe;Grotte de la Balme (Cuiseaux);France;13.01.2021;
Europe;Grotte de la Chèvre;France;07.12.2021;
Europe;Grotte de la Chênelaz;France;25.03.2020;
Europe;Grotte de la Crouzade;France;23.03.2021;
Europe;Grotte de la Mère Grand - Rully;France;28.04.2020;
Europe;Grotte des Cedres;France;17.10.2016;
Africa;Grotte des Contrebandiers;Morocco;25.05.2012;
Europe;Grotte des Fees;France;08.06.2021;
Africa;Grotte des Pigeons;Morocco;01.06.2012;
Europe;Grotte des Ramandils;France;18.05.2021;
Europe;Grotte des Rideaux;France;18.12.2020;
Europe;Grotte du Figuier;France;15.07.2020;
Europe;Grotte du Lazaret;France;08.12.2015;
Europe;Grotte du Noisetier;France;10.12.2020;
Europe;Grotte du Pech Merle;France;19.02.2021;
Europe;Grotte du Vallonnet;France;31.03.2021;
Europe;Große Grotte;Germany;12.02.2018;
Europe;Große Ofnet;Germany;01.03.2021;
Europe;Großes Schulerloch;Germany;01.12.2020;
Europe;Grub-Kranawetberg;Austria;23.04.2015;
Europe;Gruta Nova da Columbeira;Portugal;28.09.2021;
Europe;Gruta da Aroeira;Portugal;13.05.2022;
Europe;Gruta da Figueira Brava;Portugal;22.02.2022;
Europe;Gruta da Furninha;Portugal;02.08.2022;
Europe;Gruta da Oliveira;Portugal;05.05.2022;
Europe;Gruta das Salemas;Portugal;21.01.2022;
Europe;Gruta do Caldeirão;Portugal;11.03.2022;
Europe;Gruta do Escoural;Portugal;02.05.2022;
Europe;Gröbern;Germany;21.01.2015;
Europe;Guado San Nicola;Italy;07.05.2019;
Europe;Guattari;Italy;29.06.2015;
Europe;Gudenushöhle;Austria;19.08.2022;
Europe;Göpfelsteinhöhle;Germany;01.09.2020;
Africa;Ha Soloja;Lesotho;08.10.2009;
Africa;Haalenberg 1;Namibia;08.10.2009;
Africa;Hackthorne;South Africa;10.02.2010;
Africa;Hadar;Ethiopia;28.06.2010;
Europe;Hadzi Prodanova;Serbia;16.07.2020;
Africa;Hagfet ed Dabba;Libya;02.12.2011;
Africa;Hagfet et Tera;Libya;02.12.2011;
Europe;Haldensteinhöhle;Germany;29.03.2020;
Africa;Halibee;Ethiopia;13.07.2011;
Europe;Happisburgh Site 1;United Kingdom;22.04.2021;
Europe;Happisburgh Site 3;United Kingdom;29.06.2016;
Africa;Harts River Valley DB3;South Africa;11.02.2010;
Africa;Hassi Bellal;Morocco;21.06.2012;
Asia;Hathnora;India;29.08.2014;
Africa;Haua Fteah;Libya;18.10.2011;
Europe;Haut de Combe-Capelle;France;12.11.2018;
Europe;Hauteroche;France;30.08.2020;
Asia;Hayonim Cave;Israel;09.12.2013;
Africa;Herolds Bay Cave;South Africa;08.10.2009;
Asia;Hexian;China;09.10.2013;
Europe;High Lodge;United Kingdom;24.08.2016;
Africa;Highlands;South Africa;30.03.2010;
Africa;Hoedjiespunt 1;South Africa;08.10.2009;
Africa;Hofmeyr;South Africa;06.05.2010;
Europe;Hohle Fels;Germany;12.02.2018;
Europe;Hohle Stein bei Schambach;Germany;23.11.2020;
Europe;Hohlenstein-Bärenhöhle;Germany;21.05.2020;
Europe;Hohlenstein-Stadel;Germany;02.06.2020;
Europe;Hollerup;Denmark;19.03.2018;
Africa;Holley Rock Shelter;South Africa;20.02.2013;
Africa;Hollow Rock Shelter;South Africa;08.10.2009;
Africa;Homestead;South Africa;11.03.2010;
Asia;Homo sapiens Cave;China;08.08.2017;
Europe;Horka-Ondrej;Slovakia;25.04.2017;
Europe;Hortus;France;31.05.2021;
Africa;Howiesons Poort;South Africa;08.10.2009;
Europe;Hoxne;United Kingdom;12.05.2016;
Asia;Huanglong;China;13.02.2014;
Asia;Huanglong Cave;China;28.07.2014;
Asia;Huangniliang site;China;21.04.2021;
Europe;Hui;France;18.07.2021;
Asia;Huludong;China;22.10.2013;
Asia;Hummal;Syria;17.10.2014;
Europe;Hunas;Germany;13.04.2022;
Europe;Hundisburg;Germany;17.12.2021;
Europe;Husum;Germany;19.03.2018;
Africa;Ichkeul;Tunisia;05.05.2011;
Africa;Ifri n Ammar;Morocco;18.05.2012;
Asia;Ikhine I;Russia;10.12.2021;
Asia;Ikhine II;Russia;10.12.2021;
Europe;Ilsenhöhle;Germany;28.01.2022;
Asia;Ilskaya;Russia;07.02.2018;
Europe;Imbramowice;Poland;19.03.2018;
Europe;In den Wannen;Germany;29.12.2015;
Europe;Inden-Altdorf;Germany;16.04.2015;
Europe;Ioannina;Greece;28.07.2010;
Europe;Ioton;France;17.03.2021;
Africa;Iramba;Tanzania;19.09.2011;
Asia;Isampur;India;26.06.2019;
Africa;Isenya;Kenya;20.01.2010;
Europe;Isernia La Pineta;Italy;20.10.2015;
Africa;Isimila Prehistoric Site;Tanzania;12.10.2009;
Africa;Issanzu;Tanzania;19.09.2011;
Europe;Isturitz;France;08.11.2017;
Asia;Jamal Cave;Israel;08.06.2013;
Europe;Jammertal;Germany;19.03.2018;
Asia;Jebel Faya FAY-NE1;United Arab Emirates;27.12.2012;
Africa;Jebel Gharbi_Shakshuk;Libya;13.07.2011;
Asia;Jebel Humeima;Jordan;27.05.2014;
Africa;Jebel Irhoud;Morocco;19.03.2012;
Asia;Jiande;China;19.05.2014;
Asia;Jiangjunfu 01;China;16.08.2021;
Asia;Jianping;China;26.02.2014;
Asia;Jianshi;China;23.10.2013;
Asia;Jinchuan;China;13.02.2014;
Asia;Jinniushan;China;12.11.2013;
Asia;Jinsitai Cave;China;26.04.2021;
Europe;Jupiter;France;16.08.2017;
Asia;Jwalapuram 21;India;18.06.2019;
Asia;Jwalapuram 22;India;19.06.2019;
Asia;Jwalapuram 3;India;17.06.2019;
Europe;Jänschwalde;Germany;08.05.2017;
Europe;Kabazi II;Ukraine;10.05.2022;
Africa;Kabwe;Zambia;08.10.2009;
Europe;Kalamakia;Greece;20.10.2015;
Africa;Kalambo Falls Site A;Zambia;20.01.2010;
Africa;Kalambo Falls Site B;Zambia;12.10.2009;
Africa;Kalambo Falls Site C North;Zambia;12.05.2016;
Africa;Kalambo Falls Site D;Zambia;12.10.2009;
Africa;Kalemba;Zambia;08.10.2009;
Asia;Kaletepe Deresi 3;Turkey;15.02.2014;
Africa;Kalkbank;South Africa;12.10.2009;
Asia;Kamenka;Russia;18.10.2021;
Africa;Kanam East;Kenya;04.05.2011;
Africa;Kangkara Cave;South Africa;08.10.2009;
Africa;Kanjera North;Kenya;27.04.2011;
Africa;Kanjera South;Kenya;27.04.2011;
Africa;Kapthurin Formation;Kenya;14.09.2010;
Africa;Kapthurin GnJh-03;Kenya;12.03.2012;
Africa;Kapthurin GnJh-15;Kenya;12.03.2012;
Africa;Kapthurin GnJh-17;Kenya;12.03.2012;
Africa;Kapthurin GnJh-42;Kenya;18.12.2012;
Africa;Kapthurin GnJh-50;Kenya;18.12.2012;
Africa;Kapthurin GnJh-63;Kenya;12.03.2012;
Africa;Kapthurin GnJh-71;Kenya;12.03.2012;
Africa;Kapthurin GnJh-74;Kenya;12.03.2012;
Africa;Kapthurin GnJi-28;Kenya;12.03.2012;
Africa;Kapthurin GoJh-12;Kenya;12.03.2012;
Africa;Kapthurin GoJh-6;Kenya;12.03.2012;
Asia;Kara-Bom;Russia;19.10.2011;
Asia;Karain Cave;Turkey;24.01.2014;
Asia;Karama;Russia;19.10.2011;
Africa;Kariandusi;Kenya;20.01.2010;
Asia;Karin Tak;Azerbaijan;09.04.2020;
Europe;Karreg-Ar-Yellan;France;03.11.2021;
Europe;Kartstein_Travertin;Germany;25.07.2022;
Europe;Kartstein_große Höhle;Germany;25.07.2022;
Europe;Kartstein_kleine Höhle;Germany;25.07.2022;
Europe;Kastritsa;Greece;10.08.2020;
Asia;Kathoti;India;12.06.2019;
Africa;Kathu Pan 1;South Africa;08.10.2009;
Africa;Kathu Pan 5;South Africa;08.10.2009;
Africa;Kathu Pan 6;South Africa;08.10.2009;
Africa;Kathu Townlands 1;South Africa;08.10.2009;
Asia;Kattasai;Uzbekistan;14.01.2021;
Asia;Kaus Kozah;Syria;10.08.2019;
Asia;Kebara Cave;Israel;11.06.2013;
Europe;Keilberg-Kirche;Germany;06.02.2021;
Europe;Kents Cavern;United Kingdom;29.08.2016;
Africa;Keratic Koppie;South Africa;29.06.2011;
Europe;Kesselt Op de Schans;Belgium;16.10.2018;
Africa;Kharga Oasis E-76-4;Egypt;25.04.2012;
Asia;Kharganyn Gol 5;Mongolia;25.01.2021;
Asia;Khok Sung;Thailand;03.11.2016;
Asia;Khotyk;Russia;14.10.2021;
Asia;Khotylevo I;Russia;29.06.2020;
Asia;Khvarbeti-1;Georgia;10.09.2013;
Asia;Khvarbeti-2;Georgia;10.09.2013;
Asia;Khvarbeti-3;Georgia;10.09.2013;
Asia;Khvarbeti-4;Georgia;10.09.2013;
Asia;Khvarbeti-5;Georgia;10.09.2013;
Asia;Khvarbeti-6;Georgia;17.08.2016;
Asia;Khvarbeti-7;Georgia;17.08.2016;
Africa;Kibish Formation Generic;Ethiopia;28.06.2010;
Asia;Kibulastskhali;Georgia;17.08.2016;
Europe;Kiik-Koba;Ukraine;09.01.2015;
Africa;Kilombe;Kenya;28.06.2010;
Africa;Kisese II Rock Shelter;Tanzania;05.02.2016;
Africa;Klasies River Mouth Cave 1;South Africa;08.10.2009;
Africa;Klasies River Mouth Cave 2;South Africa;08.10.2009;
Africa;Klasies River Mouth Shelter 1A;South Africa;08.10.2009;
Africa;Klasies River Mouth Shelter 1B;South Africa;08.10.2009;
Africa;Klasies River Mouth Shelter 1D;South Africa;08.10.2009;
Europe;Klausennische;Germany;07.12.2020;
Africa;Klein Kliphuis;South Africa;08.10.2009;
Europe;Kleine Ofnet;Germany;11.04.2021;
Africa;Klipdrift Shelter;South Africa;10.11.2014;
Africa;Klipfonteinrand;South Africa;08.10.2009;
Europe;Klissoura 1;Greece;24.06.2020;
Africa;Knysna Heads;South Africa;18.07.2013;
Europe;Koblenz-Metternich;Germany;20.06.2021;
Asia;Kobuleti;Georgia;17.08.2016;
Asia;Kocabas;Turkey;28.04.2015;
Africa;Koedoesrand;South Africa;20.01.2010;
Europe;Kogelstein;Germany;16.01.2020;
Europe;Kokkinopilos;Greece;22.07.2020;
Africa;Kom Ombo;Egypt;06.05.2011;
Africa;Kombewa;Kenya;17.05.2010;
Africa;Kone;Ethiopia;03.11.2010;
Africa;Konso-Gardula;Ethiopia;22.08.2011;
Africa;Koobi Fora Area 1;Kenya;23.02.2010;
Africa;Koobi Fora Area 10;Kenya;23.02.2010;
Africa;Koobi Fora Area 100;Kenya;23.02.2010;
Africa;Koobi Fora Area 101;Kenya;23.02.2010;
Africa;Koobi Fora Area 102;Kenya;23.02.2010;
Africa;Koobi Fora Area 103;Kenya;23.02.2010;
Africa;Koobi Fora Area 104;Kenya;23.02.2010;
Africa;Koobi Fora Area 105;Kenya;23.02.2010;
Africa;Koobi Fora Area 106;Kenya;23.02.2010;
Africa;Koobi Fora Area 107;Kenya;23.02.2010;
Africa;Koobi Fora Area 108;Kenya;21.12.2010;
Africa;Koobi Fora Area 11;Kenya;23.02.2010;
Africa;Koobi Fora Area 112;Kenya;23.02.2010;
Africa;Koobi Fora Area 115;Kenya;21.12.2010;
Africa;Koobi Fora Area 116;Kenya;23.02.2010;
Africa;Koobi Fora Area 117;Kenya;23.02.2010;
Africa;Koobi Fora Area 118;Kenya;21.06.2010;
Africa;Koobi Fora Area 119;Kenya;23.02.2010;
Africa;Koobi Fora Area 12;Kenya;23.02.2010;
Africa;Koobi Fora Area 120;Kenya;23.02.2010;
Africa;Koobi Fora Area 121;Kenya;23.02.2010;
Africa;Koobi Fora Area 122;Kenya;21.12.2010;
Africa;Koobi Fora Area 123;Kenya;23.02.2010;
Africa;Koobi Fora Area 124;Kenya;23.02.2010;
Africa;Koobi Fora Area 127;Kenya;23.02.2010;
Africa;Koobi Fora Area 129;Kenya;23.02.2010;
Africa;Koobi Fora Area 12a;Kenya;21.12.2010;
Africa;Koobi Fora Area 130;Kenya;23.02.2010;
Africa;Koobi Fora Area 131;Kenya;23.02.2010;
Africa;Koobi Fora Area 133;Kenya;06.07.2010;
Africa;Koobi Fora Area 14;Kenya;21.12.2010;
Africa;Koobi Fora Area 15;Kenya;23.02.2010;
Africa;Koobi Fora Area 16;Kenya;23.02.2010;
Africa;Koobi Fora Area 1A;Kenya;23.02.2010;
Africa;Koobi Fora Area 2;Kenya;23.02.2010;
Africa;Koobi Fora Area 202;Kenya;23.02.2010;
Africa;Koobi Fora Area 203;Kenya;23.02.2010;
Africa;Koobi Fora Area 204;Kenya;23.02.2010;
Africa;Koobi Fora Area 206;Kenya;23.02.2010;
Africa;Koobi Fora Area 207;Kenya;23.02.2010;
Africa;Koobi Fora Area 208;Kenya;21.12.2010;
Africa;Koobi Fora Area 250;Kenya;23.02.2010;
Africa;Koobi Fora Area 251;Kenya;23.02.2010;
Africa;Koobi Fora Area 261;Kenya;23.02.2010;
Africa;Koobi Fora Area 3;Kenya;23.02.2010;
Africa;Koobi Fora Area 4;Kenya;23.02.2010;
Africa;Koobi Fora Area 6;Kenya;23.02.2010;
Africa;Koobi Fora Area 6A;Kenya;23.02.2010;
Africa;Koobi Fora Area 7;Kenya;23.02.2010;
Africa;Koobi Fora Area 7A;Kenya;23.02.2010;
Africa;Koobi Fora Area 8;Kenya;23.02.2010;
Africa;Koobi Fora Area 8A;Kenya;23.02.2010;
Africa;Koobi Fora Area 8b;Kenya;21.12.2010;
Africa;Koobi Fora Area 9;Kenya;21.12.2010;
Africa;Koobi Fora Formation;Kenya;20.01.2010;
Europe;Korman 9;Ukraine;17.03.2022;
Europe;Korman IV;Ukraine;28.03.2022;
Europe;Korolevo;Ukraine;04.03.2022;
Asia;Kostenki 1;Russia;08.02.2021;
Asia;Kostenki 11;Russia;19.04.2021;
Asia;Kostenki 12;Russia;09.09.2014;
Asia;Kostenki 14;Russia;09.09.2014;
Asia;Kostenki 15;Russia;09.09.2014;
Asia;Kostenki 17;Russia;08.03.2021;
Asia;Kostenki 18;Russia;22.03.2021;
Asia;Kostenki 21;Russia;16.03.2021;
Asia;Kostenki 8;Russia;24.03.2021;
Asia;Kostenki 9;Russia;25.03.2021;
Europe;Kozarnika;Bulgaria;29.05.2020;
Europe;Krapina;Croatia;16.02.2015;
Asia;Krasnyi Yar;Russia;09.11.2021;
Europe;Krems-Hundssteig;Austria;07.11.2017;
Europe;Krems-Wachtberg;Austria;23.04.2015;
Africa;Kromdraai A;South Africa;08.10.2009;
Africa;Kromdraai B;South Africa;20.01.2010;
Europe;Krumbach;Germany;19.03.2018;
Asia;Ksar Akil;Lebanon;16.06.2014;
Asia;Kudaro I;Georgia;22.02.2015;
Asia;Kudaro III;Georgia;23.02.2015;
Africa;Kudu Koppie;South Africa;12.02.2010;
Asia;Kulbulak;Uzbekistan;02.02.2021;
Asia;Kuldara;Tajikistan;28.04.2021;
Africa;Kulkuletti Area;Ethiopia;21.12.2010;
Europe;Kulna Cave;Czech Republic;20.01.2015;
Europe;Kulychivka;Ukraine;26.04.2021;
Asia;Kurchatovskii zaliv;Russia;03.12.2021;
Asia;Kurchkha;Georgia;20.02.2017;
Europe;Kärlich;Germany;11.03.2021;
Europe;Königsaue;Germany;31.03.2022;
Europe;La Boella;Spain;18.03.2022;
Europe;La Borde;France;12.01.2021;
Europe;La Cala;Italy;19.03.2020;
Europe;La Chaise - Bourgeois-Delaunay;France;23.11.2015;
Europe;La Chaise - Suard;France;23.11.2015;
Europe;La Chapelle-aux-Saints;France;29.09.2020;
Europe;La Cotte de St. Brelade;Jersey;02.12.2015;
Europe;La Croix-Guémard;France;08.09.2020;
Europe;La Fabbrica;Italy;23.01.2020;
Europe;La Ferrassie_Grand Abri;France;22.01.2019;
Europe;La Folie;France;08.09.2020;
Europe;La Grande Pile;France;19.03.2018;
Europe;La Grande Roche de la Plématrie;France;08.09.2020;
Europe;La Grotte Marcel Clouet;France;02.09.2020;
Europe;La Hougue;France;14.11.2016;
Europe;La Micoque;France;26.04.2019;
Europe;La Polledrara di Cecanibbio;Italy;01.06.2015;
Europe;La Quina - Amont;France;05.08.2020;
Europe;La Roche;France;26.05.2021;
Europe;La Rochette;France;18.10.2018;
Europe;La Rouquette;France;18.12.2020;
Europe;Lac Du Bouchet;France;19.03.2018;
Africa;Laetoli;Tanzania;08.10.2009;
Europe;Lagar Velho;Portugal;23.08.2022;
Asia;Laibin;China;24.03.2014;
Africa;Lainyamok;Kenya;27.04.2011;
Asia;Lake Baikal;Russia;16.01.2022;
Asia;Lake Elgygytgyn;Russia;11.01.2022;
Africa;Lake Malawi;Malawi;24.03.2022;
Europe;Lake Ohrid;North Macedonia;15.07.2021;
Asia;Lake Urmia;Iran;14.09.2021;
Asia;Lake Van;Turkey;05.07.2021;
Europe;Lakonis I;Greece;20.10.2015;
Asia;Lang Trang;Vietnam;07.09.2011;
Africa;Langebaan;South Africa;08.10.2009;
Europe;Langenlois_Fundstelle A;Austria;09.08.2022;
Europe;Langenlois_Fundstelle B;Austria;09.08.2022;
Europe;Langmannersdorf Lagerplatz B;Austria;22.10.2017;
Europe;Lapa do Anecrial;Portugal;26.10.2022;
Europe;Lapa do Picareiro;Portugal;29.03.2022;
Africa;Larsen Site;South Africa;11.03.2010;
Europe;Latrote;France;23.01.2018;
Europe;Laugerie-Haute;France;03.05.2019;
Europe;Laussel_Grand Abri;France;27.05.2019;
Europe;Le Baste;France;02.08.2017;
Europe;Le Bois-de-Riquet;France;19.05.2021;
Europe;Le Bois-du-Roc_Abri André Ragout;France;07.09.2020;
Europe;Le Bois-du-Roc_Abri du Chasseur;France;07.09.2020;
Europe;Le Flageolet I;France;21.01.2020;
Europe;Le Mas-Viel;France;12.01.2021;
Europe;Le Moustier_Abri inférieur;France;20.05.2020;
Europe;Le Piage;France;27.01.2021;
Europe;Le Prissé;France;16.08.2017;
Europe;Le Rescoundudou;France;25.03.2021;
Europe;Le Rozel;France;15.11.2021;
Africa;Ledi-Geraru Loc. BD 1;Ethiopia;03.09.2020;
Africa;Leeuwkuil;South Africa;23.03.2010;
Europe;Lehringen;Germany;19.01.2015;
Africa;Leopards Hill;Zambia;08.10.2009;
Europe;Les Bossards - Ormesson;France;27.07.2020;
Europe;Les Canalettes;France;08.04.2021;
Europe;Les Cottés;France;22.09.2020;
Europe;Les Fendeux;France;21.07.2021;
Europe;Les Fieux;France;27.01.2021;
Europe;Les Pradelles;France;08.09.2020;
Europe;Les Rois;France;08.09.2020;
Europe;Les Tambourets;France;18.12.2020;
Europe;Lezetxiki;Spain;25.11.2016;
Asia;Liang Bua;Indonesia;18.11.2011;
Asia;Lianhua;China;28.04.2014;
Europe;Lichtenberg;Germany;26.10.2021;
Asia;Lijiang;China;02.04.2014;
Africa;Lincoln Cave;South Africa;21.07.2010;
Africa;Linksfield;South Africa;04.03.2010;
Africa;Lion Cavern;Eswatini;08.10.2009;
Asia;Lipu;China;14.04.2014;
Asia;Liujiang;China;21.03.2014;
Europe;Ljubljansko Barje;Slovenia;16.07.2020;
Europe;Loewenburg Neu-Muehlefeld III;Switzerland;23.07.2020;
Africa;Loiyangalani Site HcJd1;Tanzania;21.05.2012;
Europe;Lommersum;Germany;11.05.2022;
Europe;Long-Buisson I;France;08.11.2016;
Europe;Longavesnes;France;06.04.2017;
Asia;Longquan Cave;China;31.03.2021;
Asia;Longtanshan Site 1;China;21.05.2014;
Asia;Longtanshan Site 2;China;21.05.2014;
Europe;Loreto;Italy;17.06.2019;
Asia;Ltsen-1;Armenia;07.02.2012;
Asia;Ltsen-2;Armenia;07.02.2012;
Asia;Ltsen-3;Armenia;07.02.2012;
Africa;Luangwa Valley;Zambia;22.06.2011;
Asia;Lunadong;China;04.08.2014;
Asia;Luonan;China;06.11.2013;
Europe;Lurgrotte-Vorhöhle;Austria;01.09.2022;
Europe;Lynford Quarry;United Kingdom;28.07.2017;
Asia;Ma UOi;Vietnam;13.06.2014;
Europe;Maastricht-Belvédère;Netherlands;27.09.2018;
Asia;Maba;China;15.11.2013;
Africa;Magubike;Tanzania;17.12.2012;
Asia;Maibulak;Kazakhstan;02.11.2020;
Europe;Mainz-Linsenberg;Germany;19.06.2021;
Europe;Maisières-Canal;Belgium;25.05.2018;
Africa;Makapansgat;South Africa;08.10.2009;
Asia;Makarovo-4;Russia;17.12.2021;
Africa;Makhadama 6;Egypt;22.11.2011;
Africa;Makuyuni MK 11;Tanzania;23.02.2010;
Africa;Makuyuni MK 91;Tanzania;17.03.2022;
Africa;Makuyuni MK10;Tanzania;23.02.2010;
Africa;Makuyuni MK101;Tanzania;19.03.2022;
Africa;Makuyuni MK12;Tanzania;23.02.2010;
Africa;Makuyuni MK123;Tanzania;21.03.2022;
Africa;Makuyuni MK13;Tanzania;23.02.2010;
Africa;Makuyuni MK14;Tanzania;23.02.2010;
Africa;Makuyuni MK15;Tanzania;23.02.2010;
Africa;Makuyuni MK16;Tanzania;23.02.2010;
Africa;Makuyuni MK17;Tanzania;23.02.2010;
Africa;Makuyuni MK18;Tanzania;23.02.2010;
Africa;Makuyuni MK19;Tanzania;23.02.2010;
Africa;Makuyuni MK2;Tanzania;23.02.2010;
Africa;Makuyuni MK20;Tanzania;23.02.2010;
Africa;Makuyuni MK21;Tanzania;23.02.2010;
Africa;Makuyuni MK3;Tanzania;23.02.2010;
Africa;Makuyuni MK4;Tanzania;23.02.2010;
Africa;Makuyuni MK5;Tanzania;23.02.2010;
Africa;Makuyuni MK6;Tanzania;23.02.2010;
Africa;Makuyuni MK7;Tanzania;23.02.2010;
Africa;Makuyuni MK8;Tanzania;23.02.2010;
Africa;Makuyuni MK9;Tanzania;23.02.2010;
Europe;Mala Balanica;Serbia;18.02.2015;
Africa;Malapa Cave;South Africa;14.04.2010;
Africa;Malema;Malawi;14.09.2010;
Asia;Malta;Russia;14.03.2022;
Asia;Maludong;China;02.04.2014;
Asia;Mamontovaya Kurya;Russia;12.02.2021;
Asia;Mamony II;Russia;01.11.2021;
Africa;Mansourah;Algeria;06.05.2011;
Africa;Manzi River;Zambia;29.01.2013;
Asia;Maomaodong;China;03.04.2014;
Asia;Mar Tarik;Iran;07.05.2015;
Europe;Marathousa I;Greece;24.06.2020;
Europe;Marcello Zei;Italy;07.04.2020;
Europe;Marigny;France;02.04.2020;
Europe;Mario Bernardini;Italy;20.03.2020;
Europe;Markkleeberg;Germany;08.02.2022;
Asia;Masterov Kliuch;Russia;21.09.2021;
Asia;Mata Menge;Indonesia;22.11.2011;
Africa;Matjes River;South Africa;18.07.2013;
Asia;Matuzka;Russia;12.04.2021;
Europe;Mauer;Germany;18.01.2022;
Europe;Mauran;France;18.12.2020;
Europe;Mayenne-Sciences;France;08.12.2021;
Asia;Mearat Shovakh;Israel;05.02.2014;
Europe;Medininkai;Lithuania;19.03.2018;
Asia;Mehtakheri;India;18.06.2019;
Europe;Meillers;France;16.07.2021;
Africa;Melikane;Lesotho;08.10.2009;
Africa;Melka Kunture Garba I;Ethiopia;20.01.2010;
Africa;Melka Kunture Garba III;Ethiopia;20.01.2010;
Africa;Melka Kunture Garba IV;Ethiopia;20.01.2010;
Africa;Melka Kunture Garba XII;Ethiopia;20.01.2010;
Africa;Melka Kunture Gombore I;Ethiopia;20.01.2010;
Africa;Melka Kunture Gombore I (gamma);Ethiopia;20.01.2010;
Africa;Melka Kunture Gombore II;Ethiopia;20.01.2010;
Africa;Melka Kunture Karre;Ethiopia;20.01.2010;
Africa;Melka Kunture Simbiro III;Ethiopia;20.01.2010;
Africa;Melka Wakena;Ethiopia;11.02.2021;
Europe;Menez-Dregan 1;France;08.10.2021;
Asia;Merkula;Georgia;12.01.2017;
Europe;Mesvin IV;Belgium;07.05.2018;
Asia;Mezmaiskaya Cave;Russia;14.10.2014;
Asia;Miaohoushan;China;09.01.2014;
Africa;Middle Awash Aduma;Ethiopia;04.05.2011;
Africa;Middle Awash Bodo;Ethiopia;14.04.2010;
Africa;Middle Awash Bouri;Ethiopia;14.04.2010;
Africa;Middle Awash Generic;Ethiopia;23.02.2010;
Europe;Miesenheim I;Germany;22.03.2021;
Asia;Mikhailovka Quarry;Russia;31.03.2021;
Africa;Mikuyu;Mozambique;19.11.2012;
Europe;Mira;Ukraine;04.04.2022;
Asia;Misliya Cave;Israel;10.07.2013;
Europe;Mitoc-Malu Galben;Romania;10.07.2020;
Europe;Mittlere Klause;Germany;02.12.2020;
Africa;Mochena Borago;Ethiopia;20.10.2012;
Europe;Mochi;Italy;30.01.2020;
Asia;Moh Khiew;Thailand;13.06.2014;
Asia;Mohui Cave;China;22.07.2016;
Africa;Mokeko;Congo, Republic of the;19.01.2013;
Europe;Mokriska jama;Slovenia;08.06.2020;
Europe;Molare;Italy;26.10.2015;
Europe;Molodova V;Ukraine;05.09.2018;
Africa;Montagu Cave;South Africa;08.10.2009;
Europe;Monte Pellegrino;Italy;10.05.2011;
Europe;Monte Poggiolo;Italy;17.04.2019;
Europe;Monte delle Gioie;Italy;07.06.2019;
Europe;Monticchio;Italy;11.02.2022;
Europe;Montmaurin_Coupe-Gorge;France;18.12.2020;
Europe;Montmaurin_Grotte Boule;France;18.12.2020;
Europe;Montmaurin_La Niche;France;18.12.2020;
Europe;Montmaurin_La Terrasse;France;18.12.2020;
Europe;Moravsky Krumlov IV;Czech Republic;15.06.2015;
Asia;Morokvili;Georgia;10.09.2013;
Europe;Moscerini;Italy;23.01.2020;
Africa;Moshebis Shelter;Lesotho;08.10.2009;
Africa;Mosumu;Equatorial Guinea;13.11.2012;
Africa;Motsetsi;South Africa;24.03.2010;
Europe;Moula Guercy;France;16.06.2015;
Africa;Mugharet El Aliya;Morocco;29.05.2012;
Africa;Muguruk;Kenya;06.07.2012;
Africa;Muirton;South Africa;11.03.2010;
Europe;Mujina Pecina;Croatia;08.06.2020;
Africa;Mumba;Tanzania;22.03.2011;
Africa;Mumbwa;Zambia;08.10.2009;
Europe;Mutzig - Rain;France;17.07.2020;
Africa;Mvumu;Mozambique;28.11.2012;
Africa;Mwamberu;Malawi;21.12.2010;
Africa;Mwanganda;Malawi;12.10.2009;
Africa;Mwenirondo;Malawi;21.12.2010;
Africa;Mwimbi;Malawi;10.02.2010;
Africa;Mwulus Cave;South Africa;08.10.2009;
Europe;Nachtigall;Germany;17.09.2022;
Africa;Nachukui Fm. Kaitio;Kenya;14.09.2010;
Africa;Nachukui Fm. Kalakodo;Kenya;14.09.2010;
Africa;Nachukui Fm. Kalochoro;Kenya;17.05.2010;
Africa;Nachukui Fm. Kangaki;Kenya;14.09.2010;
Africa;Nachukui Fm. Kangatakuseo;Kenya;14.09.2010;
Africa;Nachukui Fm. Kokiselei;Kenya;15.06.2012;
Africa;Nachukui Fm. Lokalalei;Kenya;14.09.2010;
Africa;Nachukui Fm. Lomekwi;Kenya;06.07.2011;
Africa;Nachukui Fm. Loruth Kaado;Kenya;14.09.2010;
Africa;Nachukui Fm. Nachukui Loc.;Kenya;14.04.2010;
Africa;Nachukui Fm. Nadung a;Kenya;17.05.2010;
Africa;Nachukui Fm. Naiyena Engol;Kenya;17.05.2010;
Africa;Nachukui Fm. Nariokotome;Kenya;14.04.2010;
Africa;Nachukui Fm. Nasechebun;Kenya;14.09.2010;
Africa;Nachukui Fm. Natoo;Kenya;14.09.2010;
Asia;Nachveta;Georgia;24.02.2017;
Asia;Nadaouiyeh Ain Askar;Syria;09.09.2011;
Africa;Nag Ahmed al Kalifa;Egypt;22.11.2011;
Asia;Nagobilevi;Georgia;17.08.2016;
Asia;Nahal Aqev;Israel;15.10.2013;
Asia;Nahal Mahanayeem Outlet;Israel;16.01.2014;
Africa;Nahoon East London;South Africa;08.10.2009;
Africa;Nakechichok 1;Kenya;10.11.2012;
Asia;Nakhveta;Georgia;10.09.2013;
Europe;Naklo;Poland;19.03.2018;
Asia;Nalai Cave;China;04.04.2014;
Asia;Nanzhao;China;31.10.2013;
Africa;Nasera Rock;Tanzania;27.04.2011;
Europe;Nassigny;France;16.07.2021;
Africa;Nata River Site;Botswana;22.03.2011;
Africa;Nazlet Khater 1;Egypt;13.12.2011;
Africa;Nazlet Khater 2;Egypt;13.12.2011;
Africa;Nazlet Safaha 1;Egypt;13.12.2011;
Africa;Nazlet Safaha 2;Egypt;13.12.2011;
Africa;Nazlet Safaha 3;Egypt;13.12.2011;
Africa;Nazlet Safaha 4;Egypt;13.12.2011;
Africa;Nazlet Safaha 5;Egypt;13.12.2011;
Africa;Ndutu;Tanzania;08.10.2009;
Africa;Nelson Bay Cave;South Africa;08.10.2009;
Asia;Nesher Ramla;Israel;15.01.2014;
Asia;Netankheri;India;29.08.2014;
Africa;Neuhof-Kowas;Namibia;24.06.2011;
Europe;Neumark-Nord 1;Germany;19.05.2015;
Europe;Neumark-Nord 2;Germany;28.09.2015;
Asia;Nevasa;India;05.10.2022;
Africa;Newmans Pont;South Africa;11.03.2010;
Africa;Ngalue Cave;Mozambique;21.08.2010;
Asia;Ngandong;Indonesia;05.09.2011;
Asia;Niah Caves;Malaysia;08.09.2011;
Europe;Nikolaushöhle;Germany;03.09.2020;
Africa;Njuinye;Cameroon;15.11.2012;
Europe;Noir Bois;Switzerland;23.07.2020;
Europe;Notarchirico;Italy;12.05.2015;
Africa;Nswatugi;Zimbabwe;08.10.2009;
Africa;Ntloana Tsoana;Lesotho;08.10.2009;
Africa;Nyara River Occurrences;Tanzania;07.05.2012;
Europe;Obere Klause;Germany;03.12.2020;
Europe;Oberneder-Höhle;Germany;04.11.2020;
Asia;Obi-Rakhmat;Uzbekistan;27.10.2014;
Europe;Ochtendung Wannenkoepfe;Germany;28.12.2015;
Europe;Ochtmissen;Germany;28.12.2015;
Europe;Oerel;Germany;19.03.2018;
Asia;Ohalo II;Israel;02.12.2013;
Africa;Olduvai Gorge;Tanzania;20.01.2010;
Africa;Olduvai Gorge BK site;Tanzania;20.01.2010;
Africa;Olduvai Gorge DDH site;Tanzania;07.10.2011;
Africa;Olduvai Gorge DK East site;Tanzania;20.01.2010;
Africa;Olduvai Gorge DK site;Tanzania;20.01.2010;
Africa;Olduvai Gorge EF-HR;Tanzania;29.12.2010;
Africa;Olduvai Gorge FC West;Tanzania;20.01.2010;
Africa;Olduvai Gorge FC site;Tanzania;29.12.2010;
Africa;Olduvai Gorge FLK Maiko Gully site;Tanzania;20.01.2010;
Africa;Olduvai Gorge FLK NN site;Tanzania;20.01.2010;
Africa;Olduvai Gorge FLK North site;Tanzania;20.01.2010;
Africa;Olduvai Gorge FLK West site;Tanzania;20.01.2010;
Africa;Olduvai Gorge FLK site;Tanzania;20.01.2010;
Africa;Olduvai Gorge HWK EE site;Tanzania;20.01.2010;
Africa;Olduvai Gorge HWK East site;Tanzania;20.01.2010;
Africa;Olduvai Gorge HWK site;Tanzania;20.01.2010;
Africa;Olduvai Gorge JK site;Tanzania;20.01.2010;
Africa;Olduvai Gorge LLK site;Tanzania;20.01.2010;
Africa;Olduvai Gorge MK site;Tanzania;20.01.2010;
Africa;Olduvai Gorge MNK site;Tanzania;20.01.2010;
Africa;Olduvai Gorge Naisiusiu_Ndutu Beds;Tanzania;20.01.2010;
Africa;Olduvai Gorge SC site;Tanzania;20.01.2010;
Africa;Olduvai Gorge SHK site;Tanzania;29.12.2010;
Africa;Olduvai Gorge TK site;Tanzania;29.12.2010;
Africa;Olduvai Gorge Unnamed site;Tanzania;20.01.2010;
Africa;Olduvai Gorge VEK site;Tanzania;20.01.2010;
Africa;Olduvai Gorge WK site;Tanzania;20.01.2010;
Europe;Olha I;France;08.11.2017;
Europe;Olha II;France;08.11.2017;
Africa;Olieboompoort;South Africa;12.02.2010;
Africa;Olorgesailie Basin;Kenya;08.10.2009;
Africa;Omo III site;Ethiopia;28.06.2010;
Africa;Omo Kibish Awokes Hominid Site (AHS);Ethiopia;28.06.2010;
Africa;Omo Kibish Birds Nest Site (BNS);Ethiopia;27.06.2011;
Africa;Omo Kibish Chads Hominid Site (CHS);Ethiopia;28.06.2010;
Africa;Omo Kibish Johns Hominin Site (JHS);Ethiopia;28.06.2010;
Africa;Omo Kibish Kamoyas Hominid Site (KHS);Ethiopia;28.06.2010;
Africa;Omo Kibish Pauls Hominid Site (PHS);Ethiopia;28.06.2010;
Africa;Omo Mursi Formation generic;Ethiopia;05.08.2011;
Africa;Omo Shungura;Ethiopia;06.09.2011;
Asia;Ompareti;Georgia;17.08.2016;
Africa;Orangia 1;South Africa;30.03.2010;
Asia;Orapho;Georgia;20.02.2017;
Europe;Orgnac 3;France;18.01.2021;
Asia;Orkhon-1;Mongolia;13.09.2021;
Asia;Ortvala Cave;Georgia;28.01.2015;
Asia;Ortvale Klde;Georgia;23.02.2015;
Europe;Oscurusciuto;Italy;21.01.2020;
Africa;Oued Djebbana;Algeria;12.07.2012;
Africa;Oued Djouf El Djemel;Algeria;12.07.2012;
Africa;Oued Doure;Djibouti;12.10.2012;
Africa;Oulad Hamida 1 Homo erectus Cave;Morocco;10.05.2011;
Africa;Oulad Hamida 1 Rhino Cave;Morocco;10.05.2011;
Africa;Oulad Hamida 2 La Grotte des Felins;Morocco;25.05.2012;
Africa;Paardeberg Cave;South Africa;08.10.2009;
Europe;Paglicci;Italy;24.06.2015;
Europe;Pair-non-Pair;France;23.01.2018;
Europe;Pakefield;United Kingdom;12.07.2016;
Asia;Panxian Dadong;China;29.07.2014;
Asia;Patara Poti;Georgia;17.08.2016;
Asia;Patpara I;India;13.06.2019;
Asia;Patpara II;India;14.06.2019;
Asia;Patpara III;India;06.06.2019;
Europe;Payre;France;01.10.2015;
Europe;Pech de l Azé I;France;20.05.2020;
Europe;Pech de l Azé II;France;19.01.2016;
Europe;Pech de l Azé IV;France;20.05.2020;
Africa;Peers Cave;South Africa;08.10.2009;
Europe;Pego do Diabo;Portugal;31.01.2022;
Africa;Peninj;Tanzania;08.10.2009;
Europe;Pentecosi;Italy;05.03.2020;
Africa;Peperkorrel;Namibia;18.05.2011;
Asia;Perning Area;Indonesia;20.10.2011;
Europe;Pestera cu Oase;Romania;17.03.2015;
Europe;Pesturina;Serbia;23.06.2020;
Africa;Pietkloof Cave;South Africa;08.10.2009;
Europe;Pietraszyn 49;Poland;05.05.2017;
Africa;Pinnacle Point 13a;South Africa;08.10.2009;
Africa;Pinnacle Point 13b;South Africa;08.10.2009;
Africa;Pinnacle Point 13c;South Africa;01.12.2010;
Africa;Pinnacle Point 5-6;South Africa;08.12.2012;
Africa;Pinnacle Point 9;South Africa;08.10.2009;
Asia;Pinza-Abu;Japan;05.08.2014;
Europe;Piovesello;Italy;05.03.2020;
Europe;Pirro Nord Cave System;Italy;14.03.2012;
Europe;Plachy-Buyon;France;11.11.2016;
Europe;Plaidter Hummerich;Germany;19.04.2021;
Europe;Plasenn-al-Lomm;France;14.10.2021;
Africa;Plovers Lake Cave;South Africa;24.03.2010;
Africa;Pniel 6;South Africa;07.04.2010;
Africa;Pockenbank 1;Namibia;08.10.2009;
Asia;Podzvonkaya - Lower complex;Russia;23.09.2021;
Asia;Podzvonkaya - South-Eastern complex;Russia;23.09.2021;
Europe;Poggetti Vecchi;Italy;16.03.2018;
Europe;Poggio Rosso;Italy;08.10.2009;
Europe;Pogon;Ukraine;14.04.2022;
Asia;Pokrovka II;Russia;11.11.2021;
Africa;Pomongwe Cave;Zimbabwe;12.10.2009;
Europe;Pont-de-Lavaud;France;19.05.2022;
Europe;Pontnewydd Cave;United Kingdom;22.04.2021;
Africa;Porc Epic Cave;Ethiopia;14.09.2010;
Europe;Potocka zijalka;Slovenia;05.06.2020;
Africa;Powers Site;South Africa;11.02.2010;
Europe;Pradayrol;France;19.02.2021;
Europe;Predmosti I Skalka;Czech Republic;06.02.2015;
Europe;Predmosti II Hradisko;Czech Republic;28.12.2015;
Africa;Primrose Ridge;South Africa;04.03.2010;
Europe;Prolom II;Ukraine;17.05.2022;
Europe;Pushkari I;Ukraine;21.04.2022;
Africa;Putslaagte 1;South Africa;13.11.2014;
Africa;Putslaagte 8;South Africa;17.06.2021;
Asia;Qafzeh;Israel;23.04.2013;
Asia;Qesem Cave;Israel;30.04.2013;
Asia;Qingliu;China;14.05.2014;
Asia;Quneitra;Israel;09.09.2013;
Asia;Quwo;China;12.03.2014;
Europe;Rabutz;Germany;22.04.2015;
Europe;Ragusa Platform;Italy;11.05.2011;
Asia;Rahat;Kazakhstan;01.12.2020;
Europe;Ranc Pointu 2;France;02.11.2016;
Asia;Rancah;Indonesia;20.05.2014;
Asia;Raqefet Cave;Israel;12.11.2013;
Africa;Ras el Wadi;Libya;13.07.2011;
Africa;Redcliff Cave;Zimbabwe;12.10.2009;
Europe;Rederstall;Germany;19.03.2018;
Europe;Regourdou;France;30.06.2020;
Europe;Reilingen;Germany;31.01.2022;
Europe;Remagen-Schwalbenberg;Germany;13.05.2021;
Europe;Repolusthoehle;Germany;18.07.2022;
Europe;Reutersruh;Germany;05.07.2021;
Africa;Rhafas Cave;Morocco;28.06.2012;
Europe;Rheindahlen;Germany;30.09.2015;
Africa;Rhino Cave;Botswana;01.03.2010;
Africa;Rietputs;South Africa;11.05.2011;
Africa;Rifa;Egypt;22.11.2011;
Europe;Rio Secco;Italy;19.02.2020;
Europe;Riparo Bombrini;Italy;23.10.2015;
Europe;Riparo Mezzena;Italy;01.06.2015;
Europe;Riparo Tagliente;Italy;23.10.2015;
Europe;Riparo del Poggio;Italy;18.01.2016;
Africa;Rising Star Cave;South Africa;25.02.2022;
Africa;Riverview VI;South Africa;11.03.2010;
Europe;Roc de Combe;France;19.02.2021;
Europe;Roc de Marsal;France;07.07.2020;
Europe;Roccia San Sebastiano;Italy;05.05.2020;
Europe;Romanelli;Italy;03.03.2020;
Europe;Romanesti-Dumbravita;Romania;09.07.2020;
Africa;Rooidam;South Africa;12.10.2009;
Africa;Rose Cottage Cave;South Africa;08.10.2009;
Asia;Rosh Ein Mor;Israel;14.10.2013;
Asia;Rozhok I;Russia;02.04.2021;
Europe;Rue du Manege;France;24.05.2022;
Europe;Régismont-le-Haut;France;25.02.2021;
Europe;Rörshain;Germany;11.08.2021;
Africa;Sadala;Malawi;21.12.2010;
Africa;Sai Island 8-B-11;Sudan;27.09.2011;
Europe;Saint-Brince-sous-Rânes;France;02.01.2022;
Europe;Saint-Colomban;France;14.10.2021;
Europe;Saint-Césaire;France;16.07.2020;
Europe;Saint-Pierre-lès-Elbeuf;France;23.12.2021;
Europe;Sainte-Anne I;France;21.01.2016;
Asia;Sakajia Cave;Georgia;22.01.2015;
Europe;Sala;Slovakia;28.01.2015;
Asia;Salawusu;China;07.02.2014;
Europe;Salching;Germany;25.01.2021;
Africa;Saldanha;South Africa;08.10.2009;
Europe;Salitrena Pecina;Serbia;24.06.2020;
Asia;Salkhit;Mongolia;14.10.2014;
Europe;Salzgitter-Lebenstedt;Germany;30.08.2021;
Asia;Sambungmacan Area;Indonesia;20.10.2011;
Europe;Samerberg;Germany;19.03.2018;
Europe;Sandalja II;Croatia;08.06.2020;
Africa;Sandspruit No.1;South Africa;10.03.2010;
Africa;Sandspruit No.2;South Africa;10.03.2010;
Asia;Sangiran;Indonesia;12.12.2013;
Asia;Sangiran Bapang;Indonesia;18.11.2011;
Asia;Sangiran Bukuran;Indonesia;18.11.2011;
Asia;Sangiran Dayu;Indonesia;18.11.2011;
Asia;Sangiran Grogolwetan;Indonesia;18.11.2011;
Asia;Sangiran Jokotingkir Hill;Indonesia;18.11.2011;
Asia;Sangiran Ngebung;Indonesia;18.11.2011;
Asia;Sangiran Pucung;Indonesia;18.11.2011;
Asia;Sangiran Sendangbusik;Indonesia;18.11.2011;
Asia;Sangiran Tanjung;Indonesia;18.11.2011;
Europe;Santa Croce;Italy;14.08.2015;
Europe;Santa Maria di Agnano;Italy;29.06.2015;
Europe;Sarstedt;Germany;10.12.2021;
Asia;Satsurblia Cave;Georgia;24.02.2015;
Europe;Scario Grotta Grande;Italy;18.01.2016;
Europe;Schafstall I;Germany;08.09.2020;
Europe;Schafstall II;Germany;09.09.2020;
Europe;Schalkholz;Germany;31.05.2022;
Europe;Schnittlohe;Germany;19.03.2018;
Europe;Schoeningen;Germany;13.03.2013;
Europe;Schweinskopf Karmelenberg;Germany;28.12.2015;
Europe;Schönfeld;Germany;19.03.2018;
Europe;Scladina;Belgium;19.10.2015;
Asia;Sde Divshon;Israel;05.11.2013;
Africa;Sea Harvest;South Africa;08.10.2009;
Europe;Sedia del Diavolo;Italy;23.10.2015;
Asia;Sefunim Cave;Israel;28.07.2013;
Asia;Sefunim Rockshelter;Israel;18.08.2013;
Asia;Sefunim Terrace;Israel;18.08.2013;
Africa;Seggedim;Niger;12.11.2012;
Africa;Sehonghong;Lesotho;08.10.2009;
Asia;Sehremuz;Turkey;05.10.2014;
Europe;Selsey;United Kingdom;19.03.2018;
Asia;Selungur;Kyrgyzstan;23.12.2020;
Europe;Serino;Italy;28.01.2020;
Europe;Serra Cicora;Italy;07.04.2020;
Europe;Sesselfelsgrotte;Germany;21.09.2020;
Europe;Shaitan-Koba;Ukraine;03.03.2022;
Asia;Shamb-1;Armenia;07.02.2012;
Asia;Shangchen;China;14.12.2021;
Asia;Shanidar;Iraq;02.11.2014;
Asia;Shava;Georgia;17.08.2016;
Asia;Shava-1;Georgia;17.08.2016;
Asia;Shava-2;Georgia;17.08.2016;
Asia;Shava-3;Georgia;17.08.2016;
Asia;Shava-4;Georgia;17.08.2016;
Asia;Shava-5;Georgia;17.08.2016;
Asia;Shiyu;China;14.02.2014;
Asia;Shizitan 29;China;07.06.2021;
Asia;Shlyakh;Russia;31.03.2021;
Africa;Shongweni;South Africa;28.09.2011;
Asia;Shuicheng;China;22.04.2014;
Asia;Shuidonggou Locality 1;China;27.06.2022;
Asia;Shuidonggou Locality 2;China;27.06.2022;
Asia;Shuidonggou Locality 8;China;15.07.2022;
Asia;Shulbinka;Kazakhstan;26.11.2020;
Africa;Shum Laka;Cameroon;05.12.2012;
Africa;Shungura Fm. Site F;Ethiopia;22.03.2011;
Africa;Shungura Fm. Site L;Ethiopia;22.03.2011;
Africa;Shungura Fm. Site O;Ethiopia;22.03.2011;
Africa;Shungura Fm. Site P;Ethiopia;22.03.2011;
Africa;Shungura Formation;Ethiopia;14.04.2010;
Africa;Sibebe Rockshelter;Eswatini;22.03.2011;
Africa;Sibhudu Cave;South Africa;08.10.2009;
Africa;Sidi Abderrahman Cap Chatelier;Morocco;21.05.2012;
Africa;Sidi Abderrahman Extension;Morocco;21.05.2012;
Africa;Sidi Abderrahman Grande Exploitation;Morocco;21.05.2012;
Africa;Sidi Abderrahman La Grotte des Littorines;Morocco;21.05.2012;
Africa;Sidi Abderrahman La Grotte des Ours;Morocco;21.05.2012;
Africa;Sidi Abderrahman STIC;Morocco;21.05.2012;
Europe;Sima de los Huesos;Spain;12.11.2015;
Europe;Sima del Elefante;Spain;27.11.2015;
Europe;Sipka;Czech Republic;28.01.2015;
Europe;Sirgenstein;Germany;12.02.2018;
Asia;Sisian-3;Armenia;07.02.2012;
Europe;Siuren I;Ukraine;28.04.2022;
Asia;Skhul;Israel;27.01.2013;
Africa;Skildergat Kop;South Africa;19.02.2010;
Africa;Sodmein Cave;Egypt;13.10.2011;
Europe;Solutré;France;24.06.2020;
Africa;Songwe River Valley Lake Rukwa IcIu4;Tanzania;27.04.2012;
Africa;Songwe River Valley Lake Rukwa IdIu19;Tanzania;03.05.2012;
Europe;Soucy - Les Grandes Pièces;France;05.06.2019;
Europe;Spinagallo;Italy;10.05.2011;
Europe;Sprendlingen;Germany;26.04.2021;
Europe;Spy;Belgium;19.10.2015;
Europe;St Côme de Fresné;France;31.01.2021;
Europe;Stajnia;Poland;11.05.2015;
Europe;Starosele;Ukraine;11.04.2022;
Africa;Steenbokfontein;South Africa;08.10.2009;
Europe;Steinmuhle bei Veltheim;Germany;01.05.2015;
Africa;Sterkfontein;South Africa;08.10.2009;
Europe;Stone;United Kingdom;19.03.2018;
Asia;Strashnaya;Russia;19.10.2011;
Africa;Strathalan Cave B;South Africa;22.03.2011;
Europe;Stratzing/Krems-Rehberg;Austria;24.06.2017;
Europe;Stuttgart-Unterturkheim;Germany;26.03.2015;
Asia;Sudjuna;Georgia;17.08.2016;
Asia;Sukhaya Mechetka;Russia;18.03.2021;
Asia;Sunghir;Russia;09.09.2014;
Asia;Supsa 1;Georgia;17.08.2016;
Europe;Sveduv Stul;Czech Republic;28.01.2015;
Europe;Swanscombe;United Kingdom;16.11.2016;
Africa;Swartkrans;South Africa;08.10.2009;
Asia;Tabon Cave;Philippines;20.05.2014;
Europe;Tabula Traiana;Serbia;15.07.2020;
Asia;Tabun Cave;Israel;14.03.2012;
Asia;Tam Pa Ling;Laos;13.06.2014;
Africa;Tan-Tan;Morocco;08.10.2012;
Asia;Taohua;China;04.04.2014;
Africa;Taramsa 1;Egypt;13.10.2011;
Africa;Tarangire 1;Tanzania;23.02.2010;
Europe;Taubach;Germany;22.11.2016;
Africa;Taung;South Africa;08.10.2009;
Europe;Teixoneres;Spain;13.05.2021;
Europe;Temnata;Bulgaria;29.05.2020;
Africa;Ternifine;Algeria;03.05.2011;
Europe;Terra Amata;France;01.06.2021;
Asia;Teshik-Tash;Uzbekistan;19.10.2011;
Asia;Tham Khuyen Cave;Vietnam;13.06.2014;
Asia;Tham Prakai Phet;Thailand;20.11.2019;
Asia;The Longwangchan Paleolithic site Locality 1;China;28.07.2021;
Europe;Theopetra;Greece;28.10.2015;
Africa;Thomas Quarry 1;Morocco;05.05.2011;
Asia;Thum Wiman Nakin;Thailand;13.06.2014;
Asia;Tiandong;China;14.04.2014;
Asia;Tianyuan Cave;China;28.07.2014;
Europe;Tincova;Romania;14.07.2020;
Asia;Tinit-1;Russia;13.04.2021;
Africa;Tiras 5;Namibia;18.08.2010;
Asia;Tirat-Carmel Excavation;Israel;30.12.2013;
Asia;Tirat-Carmel Surface Site;Israel;03.01.2014;
Asia;Tolbaga;Russia;20.09.2021;
Asia;Tolbor-15;Mongolia;21.01.2021;
Asia;Tolbor-16;Mongolia;28.01.2021;
Asia;Tolbor-21;Mongolia;15.01.2021;
Asia;Tolbor-4;Mongolia;19.01.2021;
Asia;Tolors-2;Armenia;07.02.2012;
Asia;Tongtian Cave;China;11.01.2022;
Asia;Tongzi;China;14.01.2014;
Asia;Tor Aeid;Jordan;27.05.2014;
Asia;Tor Faraj;Jordan;20.05.2014;
Asia;Tor Fawaz;Jordan;27.05.2014;
Asia;Tor Hamar;Jordan;27.05.2014;
Asia;Tor Sabiha;Jordan;20.05.2014;
Asia;Tor Sadaf;Jordan;03.07.2014;
Europe;Torre dell Alto;Italy;09.08.2016;
Europe;Torre in Pietra;Italy;29.05.2019;
Asia;Treugolnaya;Russia;29.06.2018;
Asia;Trinil;Indonesia;05.09.2011;
Europe;Trou Al Wesse;Belgium;20.11.2017;
Europe;Trou de l Abime;Belgium;19.10.2015;
Europe;Trou de la Mère Clochette;France;04.05.2020;
Africa;Tshangula Cave;Zimbabwe;12.10.2009;
Asia;Tsiagubani-1;Georgia;10.09.2013;
Asia;Tsiagubani-2;Georgia;10.09.2013;
Asia;Tsiagubani-3;Georgia;10.09.2013;
Asia;Tsiagubani-4;Georgia;10.09.2013;
Asia;Tsiagubani-5;Georgia;10.09.2013;
Asia;Tsiagubani-6;Georgia;10.09.2013;
Asia;Tsikhisperdi;Georgia;10.09.2013;
Asia;Tsikhisperdi-1;Georgia;17.08.2016;
Asia;Tsinagele;Georgia;20.02.2017;
Asia;Tskhaltsminda 1;Georgia;17.08.2016;
Asia;Tskhaltsminda 2;Georgia;17.08.2016;
Asia;Tsona Cave;Georgia;23.02.2015;
Asia;Tsvermagala;Georgia;21.02.2017;
Asia;Tsvermagala-Ureki;Georgia;17.08.2016;
Asia;Tubo;China;04.04.2014;
Africa;Tunnel Cave;South Africa;20.01.2010;
Europe;Tuto de Camalhot;France;25.02.2021;
Asia;Tuyana;Russia;07.10.2021;
Africa;Twin Rivers;Zambia;20.01.2010;
Europe;Tönchesberg 1;Germany;09.11.2015;
Europe;Tönchesberg 2;Germany;09.11.2015;
Africa;Uan Afuda;Libya;13.07.2011;
Africa;Uan Tabu;Libya;26.10.2012;
Asia;Ubeidiya Trench I;Israel;06.05.2011;
Asia;Ubeidiya Trench II;Israel;09.05.2011;
Asia;Ubeidiya Trench III;Israel;12.09.2013;
Asia;Ubeidiya Trench K;Israel;12.09.2013;
Asia;Ucagizli Cave I;Turkey;16.04.2014;
Europe;Uluzzo C;Italy;27.02.2020;
Africa;Umbeli belli;South Africa;28.05.2014;
Africa;Umhlatuzana;South Africa;08.10.2009;
Asia;Umm el Tlel;Syria;21.07.2014;
Europe;Untere Klause;Germany;30.11.2020;
Africa;Uraha;Malawi;14.09.2010;
Asia;Ushbulak;Kazakhstan;16.11.2020;
Africa;Usno Brown Sands locality;Ethiopia;22.03.2011;
Africa;Usno Formation generic;Ethiopia;22.03.2011;
Africa;Usno White Sands locality;Ethiopia;22.03.2011;
Asia;Ust-Ishim;Russia;05.09.2017;
Asia;Ust-Izhul;Russia;14.11.2021;
Asia;Ust-Kanskaya;Russia;19.10.2011;
Asia;Ust-Karakol;Russia;19.10.2011;
Asia;Ust-Kova;Russia;10.12.2021;
Asia;Ust-Mil II;Russia;08.12.2021;
Asia;Uyts-2;Armenia;07.02.2012;
Europe;Valdecampana 4;Spain;14.11.2016;
Europe;Vale Boi;Portugal;13.07.2022;
Europe;Vale de Porcos;Portugal;25.08.2022;
Asia;Valikhanova;Kazakhstan;10.11.2020;
Europe;Valle Giumentina;Italy;12.06.2019;
Europe;Vallparadis;Spain;20.03.2022;
Africa;Varsche Rivier 003;South Africa;28.10.2012;
Asia;Varvarina Gora;Russia;12.10.2021;
Europe;Vascas;Portugal;24.10.2022;
Europe;Veldwezelt-Hezerwater;Belgium;03.12.2015;
Europe;Venta Micena;Spain;10.05.2011;
Europe;Vergisson - Locus I;France;12.03.2020;
Europe;Vergisson - Locus II;France;12.03.2020;
Europe;Vergisson - Locus IV;France;16.03.2020;
Europe;Veternica;Croatia;14.07.2020;
Europe;Vigne Brun;France;01.02.2021;
Europe;Villarquemado;Spain;21.04.2022;
Europe;Vindija;Croatia;16.02.2015;
Europe;Vinneuf - Les Hauts Massous;France;20.04.2021;
Europe;Visogliano;Italy;12.05.2015;
Africa;Vlakkraal;South Africa;10.02.2010;
Europe;Vogelherd;Germany;18.09.2013;
Asia;Wadi Aghar;Jordan;27.05.2014;
Africa;Wadi Ghan Valley;Libya;13.07.2011;
Africa;Wadi Halfa Jebel Brinikol;Sudan;25.04.2012;
Africa;Wadi Halfa Site 1000;Sudan;25.04.2012;
Africa;Wadi Halfa Site 1010-8;Sudan;25.04.2012;
Africa;Wadi Halfa Site 1017;Sudan;25.04.2012;
Africa;Wadi Halfa Site 1033;Sudan;25.04.2012;
Africa;Wadi Halfa Site 1035;Sudan;25.04.2012;
Africa;Wadi Halfa Site 1036;Sudan;25.04.2012;
Africa;Wadi Halfa Site 1037;Sudan;25.04.2012;
Africa;Wadi Halfa Site 1038;Sudan;25.04.2012;
Africa;Wadi Halfa Site 121;Sudan;25.04.2012;
Africa;Wadi Halfa Site 2004;Sudan;25.04.2012;
Africa;Wadi Halfa Site 34-A;Sudan;25.04.2012;
Africa;Wadi Halfa Site 34-D;Sudan;25.04.2012;
Africa;Wadi Halfa Site 36-B;Sudan;25.04.2012;
Africa;Wadi Halfa Site 400 north;Sudan;26.04.2012;
Africa;Wadi Halfa Site 400 south;Sudan;26.04.2012;
Africa;Wadi Halfa Site 400 west;Sudan;26.04.2012;
Africa;Wadi Halfa Site 401;Sudan;26.04.2012;
Africa;Wadi Halfa Site 430;Sudan;26.04.2012;
Africa;Wadi Halfa Site 438;Sudan;26.04.2012;
Africa;Wadi Halfa Site 451;Sudan;26.04.2012;
Africa;Wadi Halfa Site 501;Sudan;26.04.2012;
Africa;Wadi Halfa Site 502;Sudan;26.04.2012;
Africa;Wadi Halfa Site 503;Sudan;26.04.2012;
Africa;Wadi Halfa Site 505;Sudan;26.04.2012;
Africa;Wadi Halfa Site 507;Sudan;26.04.2012;
Africa;Wadi Halfa Site 509;Sudan;26.04.2012;
Africa;Wadi Halfa Site 516;Sudan;26.04.2012;
Africa;Wadi Halfa Site 6;Sudan;25.04.2012;
Africa;Wadi Halfa Site 622;Sudan;26.04.2012;
Africa;Wadi Halfa Site ANW 3;Sudan;25.04.2012;
Asia;Wadi Mushkuna;Syria;22.08.2019;
Asia;Wadi Qalkha;Jordan;20.05.2014;
Africa;Wadi Qasab;Egypt;22.11.2011;
Africa;Wadi en Naga;Libya;05.12.2011;
Europe;Wallensen;Germany;19.03.2018;
Europe;Wallertheim;Germany;05.05.2015;
Europe;Walou;Belgium;19.10.2015;
Africa;Wasiriya Beds Hiwegi;Kenya;27.04.2011;
Africa;Wasiriya Beds Nyamita Main;Kenya;27.04.2011;
Africa;Wasiriya Beds Wakondo;Kenya;27.04.2011;
Africa;Wasiriya Beds Western Nyamsingula;Kenya;27.04.2011;
Africa;Waterval;South Africa;12.02.2010;
Europe;Wawrzyszew;Poland;28.07.2021;
Europe;Waziers - Le Bas Terroir;France;23.03.2022;
Europe;Weimar Parktravertin;Germany;28.04.2015;
Europe;Weinberghöhlen bei Mauern;Germany;13.01.2021;
Africa;White Paintings Rock Shelter;Botswana;12.11.2009;
Europe;Wildscheuer;Germany;15.07.2021;
Europe;Willendorf II;Austria;23.04.2015;
Africa;Witkrans;South Africa;08.10.2009;
Africa;Wonderkrater;South Africa;23.10.2012;
Africa;Wonderwerk;South Africa;08.10.2009;
Asia;Wulanmulun Locality 2;China;03.05.2021;
Asia;Wushan;China;06.11.2013;
Asia;Wushan (Yuanyang);China;12.03.2014;
Asia;Xiaogushan cave site;China;17.05.2021;
Asia;Xichou;China;29.04.2014;
Asia;Xichuan;China;06.11.2013;
Asia;Xihoudu;China;15.02.2022;
Asia;Xinglong Cave;China;28.07.2014;
Asia;Xintai;China;17.03.2014;
Asia;Xuetian;China;25.02.2014;
Asia;Xujiayao;China;13.11.2013;
Asia;Yafteh;Iran;19.05.2015;
Asia;Yamashita-cho Cave I;Japan;28.07.2014;
Africa;Yambi;Tanzania;19.09.2011;
Asia;Yana RHS;Russia;05.11.2021;
Asia;Yanjiagang;China;26.02.2014;
Asia;Yarimburgaz;Turkey;05.10.2014;
Africa;Yeslem II;Mauritania;08.08.2012;
Asia;Yiron_Y13;Israel;14.01.2014;
Asia;Yiron_Y18;Israel;14.01.2014;
Asia;Yiron_Y25;Israel;15.01.2014;
Asia;Yiron_Y27_Y28;Israel;07.01.2014;
Asia;Yiron_Y51_Y53;Israel;08.01.2014;
Asia;Yiyuan;China;31.10.2013;
Asia;Youfang site;China;12.07.2021;
Africa;Ysterfontein;South Africa;08.10.2009;
Asia;Yunxi;China;30.10.2013;
Asia;Yunxian (Quyuan River Mouth);China;30.10.2013;
Europe;Zandmotor;Netherlands;07.09.2022;
Asia;Zaozerye;Russia;17.02.2021;
Europe;Zaskalnaya VI;Ukraine;12.01.2015;
Africa;Zebrarivier;Namibia;08.10.2009;
Europe;Zeitlarn 1;Germany;22.02.2021;
Asia;Zemochaladidi;Georgia;20.02.2017;
Asia;Zhaotong;China;30.04.2014;
Asia;Zhirendong;China;28.07.2014;
Asia;Zhoukoudian Locality 1;China;12.09.2013;
Asia;Zhoukoudian Locality 15;China;08.02.2022;
Asia;Zhoukoudian Locality 4;China;12.12.2013;
Asia;Zhoukoudian Upper Cave;China;17.01.2014;
Asia;Ziyang;China;25.03.2014;
Africa;Zombepata Cave;Zimbabwe;12.10.2009;
Asia;Zuttiyeh Cave;Israel;13.01.2014;
